name,created_ns,quarantine_ns,mttm_ms,status
mttm_probe_1789683315741573_0.test,1789683315741584960,1789683315988256943,246.671983,ok
mttm_probe_1789683318188808_1.test,1789683318188845548,1789683318440846700,252.001152,ok
mttm_probe_1789683321117415_2.test,1789683321117450050,1789683321358916248,241.466198,ok
mttm_probe_1789683323393734_3.test,1789683323393787286,1789683323631476382,237.689096,ok
mttm_probe_1789683325747921_4.test,1789683325747943857,1789683325944614991,196.671134,ok
mttm_probe_1789683328007006_5.test,1789683328007049692,1789683329984096775,1977.047083,ok
mttm_probe_1789683332027505_6.test,1789683332027529653,1789683332215939600,188.409947,ok
mttm_probe_1789683334266296_7.test,1789683334266333723,1789683334505477692,239.143969,ok
mttm_probe_1789683336599906_8.test,1789683336599933800,1789683336827087694,227.153894,ok
mttm_probe_1789683338852101_9.test,1789683338852132084,1789683339132856773,280.724689,ok
mttm_probe_1789683341212689_10.test,1789683341212709975,1789683341474489904,261.779929,ok
mttm_probe_1789683343555864_11.test,1789683343555886711,1789683343873800751,317.91404,ok
mttm_probe_1789683345884087_12.test,1789683345884113895,1789683346266078841,381.964946,ok
mttm_probe_1789683348341942_13.test,1789683348341964923,1789683348594744403,252.77948,ok
mttm_probe_1789683350697113_14.test,1789683350697163487,1789683350959054830,261.891343,ok
mttm_probe_1789683353217195_15.test,1789683353217222149,1789683353689916607,472.694458,ok
mttm_probe_1789683355796260_16.test,1789683355796363447,1789683356021395067,225.03162,ok
mttm_probe_1789683358051764_17.test,1789683358051805337,1789683358615081296,563.275959,ok
mttm_probe_1789683360726261_18.test,1789683360726296268,1789683360956264003,229.967735,ok
mttm_probe_1789683363091308_19.test,1789683363091346606,1789683363324916673,233.570067,ok
mttm_probe_1789683365347494_20.test,1789683365347523745,1789683365557535098,210.011353,ok
mttm_probe_1789683367583974_21.test,1789683367584132536,1789683367839007290,254.874754,ok
mttm_probe_1789683369863414_22.test,1789683369863471982,1789683370187002665,323.530683,ok
mttm_probe_1789683372216981_23.test,1789683372217012370,1789683372413199226,196.186856,ok
mttm_probe_1789683374453950_24.test,1789683374453981237,1789683374661095334,207.114097,ok
mttm_probe_1789683376691590_25.test,1789683376691623062,1789683377017639831,326.016769,ok
mttm_probe_1789683379043939_26.test,1789683379043982331,1789683379273269094,229.286763,ok
mttm_probe_1789683381287733_27.test,1789683381287754147,1789683381539050640,251.296493,ok
mttm_probe_1789683383549786_28.test,1789683383549825502,1789683383751907320,202.081818,ok
mttm_probe_1789683385784651_29.test,1789683385784688737,1789683386021870709,237.181972,ok
